{
  "gizmos-infos": {
    "is2D": false,
    "is3DIcon": false,
    "iconSize": 2,
    "gridVisible": true,
    "gridColor": [
      150,
      150,
      150,
      255
    ],
    "isIconGizmo3D": false,
    "iconGizmoSize": 2,
    "isGridVisible": true
  },
  "float-window": {
    "position": {
      "cc": {
        "Camera": {
          "dock": false,
          "top": null,
          "bottom": 10,
          "left": null,
          "right": 10
        },
        "ParticleSystem": {
          "dock": false,
          "top": null,
          "bottom": 10,
          "left": null,
          "right": 10
        }
      }
    }
  },
  "camera": {
    "fov": 45,
    "far": 10000,
    "near": 0.01,
    "color": [
      255,
      255,
      255,
      255
    ],
    "wheelSpeed": 0.01,
    "wanderSpeed": 10,
    "enableAcceleration": true,
    "far2D": 10000,
    "near2D": 1,
    "wheelSpeed2D": 6
  },
  "camera-infos": {
    "f46876e4-e81b-4931-b493-6d367be385e7": {
      "position": {
        "x": 50,
        "y": 50,
        "z": 50
      },
      "rotation": {
        "x": -0.27984814233312133,
        "y": 0.3647051996310009,
        "z": 0.11591689595929514,
        "w": 0.8804762392171493
      },
      "viewCenter": {
        "x": 0,
        "y": 0,
        "z": 0
      }
    },
    "b5b1222f-90dc-4d3c-9ef5-2b0c86f67f74": {
      "position": {
        "x": 0.4589350093674599,
        "y": 3.9812516470860477,
        "z": 24.24575008826338
      },
      "rotation": {
        "x": -0.14178904096187192,
        "y": -0.056868600562306734,
        "z": -0.008156818835935619,
        "w": 0.9882283624950639
      },
      "viewCenter": {
        "x": 2.4083065726227564,
        "y": -0.9976195582592617,
        "z": 7.3644483590413685
      }
    },
    "f82590ab-7475-4b63-9a96-e8c0a6a65b85": {
      "position": {
        "x": -22.34001121544972,
        "y": 33.011972477016464,
        "z": -7.2251818596508
      },
      "rotation": {
        "x": -0.26905963904574975,
        "y": -0.7026344332559482,
        "z": -0.33243742382866087,
        "w": 0.5686801588571758
      },
      "viewCenter": {
        "x": 2.3243044419582013,
        "y": 2.2666822341411326,
        "z": -1.969232438583595
      }
    },
    "c087d608-398b-42f6-b1d2-9da857d569b7": {
      "position": {
        "x": 169.7466111110333,
        "y": 274.23495328089894,
        "z": 5000
      },
      "rotation": {
        "x": 0,
        "y": 0,
        "z": 0,
        "w": 1
      },
      "viewCenter": {
        "x": -15.484167884065032,
        "y": 23.95334498002112,
        "z": -0.07287600024410303
      }
    },
    "640d53f3-904b-4e2a-a087-59554717e92c": {
      "position": {
        "x": -24.33206181944888,
        "y": 19.133023618768533,
        "z": 3.1095357288823386
      },
      "rotation": {
        "x": -0.214999123738364,
        "y": -0.637896410853247,
        "z": -0.1920480077634854,
        "w": 0.7141296127122294
      },
      "viewCenter": {
        "x": 29.15284654321181,
        "y": -16.50769254241336,
        "z": -2.9411315406815666
      }
    },
    "52c19f43-2c05-4598-9c97-af97c6df9f48": {
      "position": {
        "x": -0.0035030507933033993,
        "y": 199.05694046734683,
        "z": -199.5068615190996
      },
      "rotation": {
        "x": -0.6184476733182038,
        "y": 0.0023560924474705473,
        "z": 0.0018542665457728902,
        "w": 0.785820087964338
      },
      "viewCenter": {
        "x": -0.007751825641554124,
        "y": 196.12678472726728,
        "z": -200.2153953976717
      }
    }
  },
  "camera-uuids": [
    "f46876e4-e81b-4931-b493-6d367be385e7"
  ]
}
